Cycle\Fluorescence,A1SYBRGreenI,A2SYBRGreenI,A3SYBRGreenI,A4SYBRGreenI,A5SYBRGreenI,A6SYBRGreenI,A7SYBRGreenI,A8SYBRGreenI,A9SYBRGreenI,A10SYBRGreenI,A11SYBRGreenI,A12SYBRGreenI,B1SYBRGreenI,B2SYBRGreenI,B3SYBRGreenI,B4SYBRGreenI,B5SYBRGreenI,B6SYBRGreenI,B7SYBRGreenI,B8SYBRGreenI,B9SYBRGreenI,B10SYBRGreenI,B11SYBRGreenI,B12SYBRGreenI,C1SYBRGreenI,C2SYBRGreenI,C3SYBRGreenI,C4SYBRGreenI,C5SYBRGreenI,C6SYBRGreenI,C7SYBRGreenI,C8SYBRGreenI,C9SYBRGreenI,C10SYBRGreenI,C11SYBRGreenI,C12SYBRGreenI,D1SYBRGreenI,D2SYBRGreenI,D3SYBRGreenI,D4SYBRGreenI,D5SYBRGreenI,D6SYBRGreenI,D7SYBRGreenI,D8SYBRGreenI,D9SYBRGreenI,D10SYBRGreenI,D11SYBRGreenI,D12SYBRGreenI,E1SYBRGreenI,E2SYBRGreenI,E3SYBRGreenI,E4SYBRGreenI,E5SYBRGreenI,E6SYBRGreenI,E7SYBRGreenI,E8SYBRGreenI,E9SYBRGreenI,E10SYBRGreenI,E11SYBRGreenI,E12SYBRGreenI,F1SYBRGreenI,F2SYBRGreenI,F3SYBRGreenI,F4SYBRGreenI,F5SYBRGreenI,F6SYBRGreenI,F7SYBRGreenI,F8SYBRGreenI,F9SYBRGreenI,F10SYBRGreenI,F11SYBRGreenI,F12SYBRGreenI,G1SYBRGreenI,G2SYBRGreenI,G3SYBRGreenI,G4SYBRGreenI,G5SYBRGreenI,G6SYBRGreenI,G7SYBRGreenI,G8SYBRGreenI,G9SYBRGreenI,G10SYBRGreenI,G11SYBRGreenI,G12SYBRGreenI,H1SYBRGreenI,H2SYBRGreenI,H3SYBRGreenI,H4SYBRGreenI,H5SYBRGreenI,H6SYBRGreenI,H7SYBRGreenI,H8SYBRGreenI,H9SYBRGreenI,H10SYBRGreenI,H11SYBRGreenI,H12SYBRGreenI
1,0.001521052,0.0009212349,0.002742032,-0.01064795,0.0004447121,-0.00216429,-0.01082564,-0.01268732,-0.00327047,0.00260099,-0.001900659,0.001661647,-0.01341326,-0.00529507,0.001933479,0.001285615,-0.002033725,-0.001140053,-0.009680014,0.0002400396,-0.003092576,-0.002235918,-0.001325793,-0.001627802,-0.003144214,0.004343115,-0.0005806442,-0.001365326,0.001271764,0.0001924336,0.001288534,-0.002018833,-0.0009005607,-0.002024698,-0.002555173,-0.0005110401,-0.004243719,-0.005570789,-0.004979759,-0.006143792,-0.009351511,-0.0002122436,-0.000263794,-0.0001149779,-0.001649437,-0.0007382863,0.0001914676,-0.002640624,-0.0002322753,-0.0006583919,-0.002273851,-0.003727146,-0.00110012,3.591279E-05,-0.003414663,-0.0008676713,-0.002072608,-0.001130543,-0.00199848,0.0003329738,0.001188002,-0.001277106,-0.002254124,-0.0003894418,-0.001172986,-0.001258143,-0.002237188,0.003385933,-0.0009489292,-0.00135439,-0.0008768699,-0.002132648,0.0001095101,0.001349465,-0.00134415,0.001823355,-0.004011972,-0.0007884875,-0.001321398,-0.001766448,-0.002564763,-0.001403171,-0.004019956,-0.001769298,-0.0008256971,-4.992903E-05,-0.001800407,0.001670549,-0.001210201,-0.002266488,0.002986547,0.001820347,-0.004490434,-0.001929555,-0.002106735,-0.0202861
2,5.269083E-05,-0.0003469091,0.0006902108,-0.005315392,0.0006664605,-0.0001630185,-0.003677479,-0.005229756,-0.001828914,0.005012695,0.0002118424,0.005292008,-0.008800039,-0.00722838,-0.0005676872,-0.0008850461,-0.003152479,0.001503495,-0.0021042,0.008474755,-0.0008212089,0.002594135,-0.001222161,0.001420821,0.003078155,0.01459242,-0.0007943035,-0.00111192,0.01177799,-0.002059442,0.003770045,-0.0007763356,0.002940392,0.001173598,-0.0004288788,-0.00228684,-0.002841313,-0.003230563,-0.003731168,-0.002069838,-0.001788644,-0.002867046,-0.0001781288,0.001136652,-0.001084785,-0.001274171,0.0004367384,-0.003433959,0.001271115,0.0003348136,-0.002690026,0.0001312371,-0.0002997255,0.0006284858,-0.001541801,0.005243859,-0.001152333,0.0004309474,-0.0002212385,0.002398058,0.0001258782,-0.0002997362,0.000635353,0.0001501628,0.001657297,0.001580134,-0.00461958,0.006399175,-0.001341798,-0.001192581,-0.0004758778,-0.001198045,0.001837918,0.001106067,0.002132511,0.00483124,-0.001936631,0.002595297,0.001678338,0.000642314,-0.0005906509,-0.0005814052,-0.001113499,-0.0006974547,0.0007642262,0.0008617347,0.0003000294,0.003700491,0.001635568,-0.0001715446,0.0002024342,0.006256978,-0.002474232,0.003319968,0.002771224,-0.01002086
3,0.0003407144,0.004421309,-0.0001322928,-0.003274341,-0.0001803534,-0.002622159,-0.003172938,-0.002884926,-0.001420596,0.005694897,0.0006461595,0.005246565,-0.006616016,-0.005971938,-0.0002587377,-0.0005322517,-0.004580016,-0.001650899,-0.000442185,0.01619168,-0.001619288,0.002066196,-7.118618E-05,0.0002481419,0.000510317,0.0144494,0.0005855124,0.0001119791,0.01362278,-0.001965166,0.005626218,-0.0004303033,0.005317577,0.002588551,0.002185852,7.108237E-05,0.0001017762,-0.001742093,-0.002374332,0.0008051085,0.002522202,-0.001426957,0.0001039482,0.001383385,-0.002259745,-0.0003783949,0.002660127,-0.002369567,-0.000695025,0.002386795,-0.002581523,-0.003148659,0.001413825,0.0003969229,-0.001709384,0.005166155,-0.00122319,0.00132678,0.0009459371,0.002830164,-0.001505159,-0.002173602,-0.001999366,-0.001789667,0.003702402,-0.0001949936,-0.002001817,0.005797578,-0.0009445628,0.0002464054,-0.0004076412,-0.000246506,-0.0002347147,0.001036587,-0.0002224243,0.008525585,-0.0004595082,0.0008333651,-0.0003965788,0.0001156446,-0.00188196,0.0010475,-0.002188754,-0.0004020788,-0.0003629692,-0.001629843,0.0006778862,0.004519683,-0.0003055508,-0.0010074,-0.00122605,0.005446616,-0.0005891897,0.001332218,0.005340052,-0.006258639
4,-0.005664404,0.008116579,-0.001342232,-0.00291452,-0.004591812,-0.001044307,-0.0006995974,0.002281087,-0.002620146,0.007553104,0.002375759,0.007019657,-0.002631653,-0.003239411,-0.002972804,-0.001392635,-0.003484392,0.0004439183,0.0006766406,0.02060482,-0.001868728,0.00241067,0.001864442,0.0008779923,0.009221191,0.02081608,0.00101615,-0.002135407,0.02010757,-0.002291384,0.004338209,-0.001367547,0.006307448,0.002307185,0.001877298,-0.002228847,0.001975082,0.0009183428,-0.001532372,0.002374751,0.0003155681,-0.002059227,-0.002236906,0.002885338,-0.002141646,-0.002001415,0.003439831,-0.001350504,0.001105083,0.0008767573,-0.00160337,-0.0004816264,0.001805203,0.0008702049,-0.001489004,0.008049286,-0.0004833879,5.95691E-05,0.0006073513,0.00470319,-0.002175126,5.717134E-05,-0.0002425583,0.001706365,0.007592263,0.002523522,9.913332E-06,0.007576766,-0.0005444649,-0.002925701,0.001005629,0.001060565,-0.0007348243,-0.0002189694,-0.001664725,0.00996861,-0.0003407007,0.002884635,-0.0002008791,-0.0005600097,-0.001539068,-0.0014387,-0.003239902,-6.622358E-05,-0.001080572,-0.0008847439,0.0001081961,0.004998677,0.0007245012,-0.002372657,-0.00046723,0.009029596,-0.002276264,0.003017212,0.007126365,-0.002332122
5,0.002593747,0.01017505,0.0005310007,0.001130056,0.002066624,-0.001580574,0.001167073,0.001379985,-0.001325318,0.01085835,0.0007881949,0.008117409,0.0007211973,0.001070419,0.0004440068,-0.0007641694,-0.001116731,0.002284166,-5.137726E-05,0.02609975,-0.003110106,0.0008475347,0.0006338709,0.002410669,0.005442576,0.02128672,0.002020166,-0.001356419,0.02415281,0.0001431011,0.007445237,-0.001254039,0.00843323,0.002859845,0.002718305,-0.001394463,-8.978389E-05,0.001963093,-0.001163983,0.00201031,0.0007974508,0.0003147441,0.0002281689,0.002494519,-0.001159654,-0.0009756489,0.005708461,-0.0005935922,-0.00233604,0.0002649033,-0.002737567,-0.001467226,0.00248905,0.003601561,0.0002051914,0.008549555,0.0001052869,0.0007596895,-0.0007084787,0.006615723,-0.001327993,-0.0008889211,-0.0006630282,0.0002689698,0.006696173,0.005547668,-0.002832756,0.009882214,7.606065E-05,-0.001011648,0.002352414,0.003496216,0.0004160973,-0.001009687,0.0008475774,0.01277681,9.597909E-05,0.002887797,0.0003769459,0.0009256943,8.033446E-05,0.003308643,-0.001599012,-0.0004847565,-1.205204E-05,0.0004840213,-0.0007182347,0.007375819,0.002757186,0.001459589,-0.0006980945,0.009655551,-0.0010377,0.004538449,0.008267208,0.001880501
6,-0.004175256,0.01994689,0.0003443166,0.004125968,0.004279195,0.0005538999,0.004818239,0.002805396,0.0007413687,0.01000477,0.004129387,0.008124956,0.001494933,-0.002580773,-0.001571654,-0.002110048,0.001521576,0.0031152,0.003787109,0.0306869,0.0003792373,0.001403085,0.0007501954,0.002670164,0.01052243,0.02606368,0.002107796,-0.0006409898,0.02346501,-0.0007596257,0.00927903,-0.0006118663,0.01117314,0.004234427,0.002951922,-0.001126084,0.001951561,0.001441563,0.0006379386,0.001579207,0.0009469645,0.0003679755,0.001175582,0.004829533,-9.877468E-07,-0.0002868476,0.007728211,-0.0008951091,-0.0006708405,0.001036356,7.053947E-05,0.0001796516,0.003512638,0.003573722,-0.0009651114,0.006966709,-0.0006896597,0.00479835,0.001274689,0.007453959,-0.0001015836,0.0008900933,-0.0009376291,-0.0004605888,0.009512415,0.007367176,-0.001369524,0.01136337,-0.001900594,-0.0007694875,0.004381184,0.005123785,-0.0009714609,-0.001874682,-0.0008333864,0.01568694,-0.001200186,0.003940285,-0.0006837911,0.0003283863,0.0007131055,0.004624113,-0.0005999435,0.0001828194,-0.0006560645,-0.0009842082,0.002705493,0.00653382,0.003103425,-3.027582E-05,-0.0007542709,0.0113727,-0.001293491,0.006460827,0.009301692,-0.0003617491
7,-0.0004483861,0.02571261,0.0007876335,0.001268845,0.005397365,-8.803595E-05,0.002776104,0.003095518,0.0003546246,0.0131253,0.003828665,0.01003948,0.005140985,-0.0004175933,-0.00271372,-0.001933594,0.0002170606,0.001443822,-1.341038E-05,0.03257436,0.001946154,0.0006802772,0.001868542,0.001546905,0.01053094,0.02654394,0.001979344,-0.00265003,0.02752972,5.528665E-05,0.01140587,-0.0001758948,0.01192176,0.006135172,0.006020795,-0.001479542,0.001108886,0.0005330358,-0.0007334261,0.002160638,0.001714631,-0.0005670327,-0.001738562,0.005382714,0.001423385,0.001958343,0.007488009,2.120872E-05,0.0006769793,0.001476594,0.0004068844,-0.0007898109,0.00367746,0.005947036,0.0009106681,0.00976526,-0.0003364792,0.004317745,0.00110001,0.008183765,-0.000803038,-0.0002415538,0.001728003,0.001770071,0.01129259,0.009305722,0.0004381495,0.01279098,0.001287054,9.223181E-05,0.0008199419,0.004414367,3.6458E-05,-0.0001810241,-0.0005142738,0.01564969,0.0007839134,0.002403672,-0.00056027,-2.843411E-05,0.0008734263,0.002697199,-8.118776E-05,-0.0006221074,0.0007490288,-8.20928E-05,0.00216645,0.007378547,0.003633315,0.0006925439,-0.0003653224,0.01157148,-0.001091299,0.007381254,0.01063546,0.001580904
8,-0.0002561899,0.02603738,-0.0002264909,-0.0006249991,0.006125805,0.000453221,0.001767806,0.001331805,-0.001016904,0.01310183,0.004973345,0.01291672,0.002978723,0.0009175727,-0.000347266,0.0004460006,-0.001158807,0.001836417,0.001143485,0.0337076,0.001882518,0.001379061,0.005503258,0.004177664,0.0162435,0.02796803,0.001320514,-0.0007172071,0.0264207,-8.679415E-06,0.009943538,0.00102858,0.01397524,0.008131161,0.004766844,0.001492541,0.001934879,0.001588765,0.0009766301,0.0006386291,0.00115103,0.001729933,0.0004170371,0.005788917,5.99267E-05,0.004443931,0.01097884,0.001612171,0.001279259,0.000970175,0.0003453085,0.001348902,0.00488312,0.008284214,0.002232217,0.01099603,0.0004671486,0.004866213,0.002443648,0.009730186,-3.74841E-05,-0.0009062822,-0.000662033,0.002351441,0.009886857,0.008588769,-0.0001284448,0.01504961,-0.0002566187,0.001277475,0.0008541807,0.003629695,-0.001342072,-0.001592182,-4.909655E-05,0.01634934,0.0001713205,0.004168069,0.001472465,0.0007898181,0.0006000468,0.003187443,-0.0003760101,-0.000750976,-0.0008003095,0.0008528387,0.0008567839,0.008405979,0.006376747,-0.001324562,-9.194871E-05,0.01329021,0.0005686946,0.007431221,0.01310822,0.002414067
9,0.0003603862,0.02622144,0.0003539286,0.004375641,0.006471573,-0.0001202523,0.00320731,0.004409898,0.0006676067,0.01563486,0.005292426,0.01387189,0.002888774,0.001202609,-0.001354993,0.0007441071,-0.0003793466,0.00362635,0.001882542,0.03577181,0.00197689,0.004111612,0.005600058,0.005480603,0.01641886,0.03161067,0.004284767,0.0009662705,0.0284611,-0.0006305809,0.01239805,0.002664469,0.01681793,0.01102426,0.009412689,0.000319736,0.001027725,0.003097363,0.0009982074,-0.0001645158,0.002928347,0.001740132,-4.087231E-05,0.009075759,0.0006607485,0.005809566,0.01126869,0.0006783165,0.001368579,0.0002067702,0.0001601847,0.00177426,0.00618616,0.01019919,0.0002962005,0.01182786,0.000206283,0.008108221,0.003550613,0.01096662,-0.0007532506,0.0001584073,3.26886E-05,0.006546594,0.01283279,0.01242724,0.002204713,0.0196177,0.001477496,-0.001654279,0.001914573,0.006175289,-0.0003537528,0.00072164,0.001896998,0.01958925,0.001615332,0.005140037,0.001366622,0.002996768,0.001131472,0.004649189,0.001379987,-0.0004240574,-0.0002183952,0.002837091,0.001537218,0.007760725,0.005262891,0.0009792612,-0.0002761766,0.01432686,0.001519855,0.009992429,0.01298138,0.004345389
10,0.004165287,0.04107033,0.003746582,0.006556193,0.008346041,0.000713458,0.003697451,0.002705615,0.001606875,0.01719927,0.006726574,0.01578186,0.003466157,0.005290323,-0.0005888192,0.003701831,0.004477029,0.00778405,0.00408589,0.03697731,0.0008401196,0.003559364,0.009266578,0.00816075,0.01977499,0.03200646,0.006190357,0.001539915,0.03061369,0.001003033,0.01384817,-0.0001366312,0.01703647,0.009961378,0.007848694,0.002898198,0.001361326,0.002082711,0.0008154009,0.001055608,0.003532072,0.0004782277,-0.0004995064,0.00777196,0.001007688,0.005508299,0.01421399,0.003680517,-0.0001860356,0.003361679,0.001202518,0.0006321989,0.009617624,0.01211737,0.001721303,0.01015748,0.001998841,0.005228756,0.002822932,0.01278174,0.001242444,0.0009083816,-0.0007931216,0.00423953,0.01321199,0.01044448,0.0004482997,0.02016853,0.002972575,0.002470166,0.002732454,0.006893813,0.002761219,0.0008989176,0.001324838,0.0190481,0.0003736171,0.006004263,-0.0008191176,0.002775353,0.0006464591,0.0078636,0.002104849,0.001826945,0.0004958668,0.003743869,0.0003544694,0.01134607,0.007060423,-0.000997509,-0.0003271536,0.0145667,0.001441094,0.009777037,0.01434061,0.00505391
11,-0.0006871605,0.03959165,0.003241941,0.003928767,0.009661178,-0.000600426,0.001842502,0.003506137,0.001241287,0.01886634,0.007880004,0.01381988,0.004424305,-1.830172E-05,-0.00155098,-0.001733362,0.0004672829,0.006600335,0.001375463,0.03866804,-0.0003376165,0.003678693,0.006412812,0.006683419,0.02268255,0.03251876,0.004561619,-0.0004397911,0.02977277,0.0003848468,0.01444699,0.0005925564,0.01795855,0.01084483,0.009229601,0.0003260838,7.9995E-05,0.001446823,0.0005863055,0.0003749833,0.002792886,0.0009829244,0.001205288,0.009398298,0.0001429516,0.005500444,0.01242747,4.900388E-07,-0.0005712614,0.001857293,0.001707337,0.002119107,0.01005418,0.01077347,0.001735305,0.01310763,-0.0011936,0.006604904,0.003046397,0.0138331,0.001451966,0.0009810207,0.0007297591,0.006496903,0.01443826,0.01031252,0.00159394,0.02308663,0.001100409,-0.0008647583,0.002679574,0.007672395,0.002972124,0.002480662,0.002357999,0.01928481,0.002396716,0.005743803,0.0005209271,0.003330938,0.001929781,0.007801557,0.001517139,-0.0005445849,0.001757204,0.002504763,0.001677124,0.01040165,0.008576485,-6.436858E-05,0.000405509,0.01365594,0.0003109085,0.01132852,0.01549667,0.0037899
12,-0.00106993,0.03392206,0.002124444,0.003223088,0.009427941,0.001234955,0.002428635,0.002947632,-8.178697E-05,0.01796492,0.00756683,0.01377961,0.002721082,0.001873559,-0.001536632,0.000431945,0.002020546,0.004789196,0.003533312,0.04003647,-0.0003544348,0.00637325,0.0080518,0.00719193,0.0203977,0.03551608,0.004417884,0.002487971,0.03312352,0.002205678,0.01503717,-0.0005815984,0.01708583,0.01105048,0.009464704,0.002490685,0.002490644,0.001460508,0.0007909021,0.001947348,0.001091544,0.002367902,0.0009706074,0.009220373,0.0007966364,0.005183618,0.01517052,0.0004295229,0.003356269,0.0008659874,0.001543072,0.0008325127,0.01061944,0.01197305,0.0004366543,0.01354173,-0.0004369235,0.008263115,0.001598817,0.01418456,-0.0003214773,3.856661E-05,0.001058801,0.007383738,0.01342172,0.01352454,0.001962477,0.02539791,0.001492635,0.002143918,0.001048206,0.008466906,0.001431552,0.002097534,0.003239027,0.02255146,0.001568529,0.005733451,0.002268776,0.004828491,-2.847159E-05,0.007294371,0.001553774,0.001723241,-0.0001190098,0.002744845,0.002270366,0.01274918,0.006419996,0.00107405,-0.000477491,0.01729419,0.00246042,0.01357266,0.0173782,0.004114114
13,-0.0005888809,0.04109348,0.003129666,0.002371896,0.0110009,0.0008156358,0.002532889,0.003240377,-0.0004139346,0.01869282,0.010173,0.01393483,0.002623172,0.005130448,-0.0001419713,0.001828274,0.002162758,0.007791678,0.0009101676,0.04215989,0.001774287,0.006181188,0.008394098,0.007196062,0.02347744,0.03281552,0.004799819,0.002122902,0.03346477,0.002541406,0.01657995,0.001291204,0.01914675,0.0116458,0.01220486,0.0009375204,0.001769136,0.001299461,0.001301006,-0.0001043039,-0.0001304816,0.001539344,-0.0004969013,0.01115888,0.002130585,0.008553331,0.0166671,0.001291446,0.002086266,-0.0002540149,0.000945587,0.003056122,0.0102356,0.01313864,-0.0002136914,0.01397816,0.001616806,0.009708847,0.002960713,0.01696901,-0.0006035812,0.0006217842,0.001623787,0.007292864,0.01560502,0.01435495,-0.0004628735,0.02496367,0.0008077727,0.001044761,0.00287275,0.01169087,0.002950093,0.00251306,0.004620063,0.02370159,0.001250264,0.006242755,0.003760809,0.005109333,0.001374081,0.009353411,0.0009660636,0.001371474,0.0007338755,0.003422573,0.002792338,0.01178936,0.008394209,0.002154848,0.002102709,0.01677109,0.003220217,0.01300131,0.01827895,0.003106938
14,0.000660159,0.04235117,0.003230779,0.001224865,0.009398551,0.0007215141,0.001300932,0.001533474,0.001761945,0.0189157,0.00845449,0.01392309,0.003898403,0.001848981,-0.000898302,0.0006977987,0.003410929,0.007866392,0.001405022,0.04266363,0.002880347,0.006337902,0.008346136,0.007203038,0.0222318,0.03346273,0.00574532,0.001339811,0.03196615,0.001061429,0.01539858,0.001983831,0.01974647,0.01198029,0.01357844,0.00183402,0.000505436,0.001686456,0.001272021,-0.0001146117,0.00118377,0.0006737926,-3.073225E-05,0.01071132,0.000865202,0.008280836,0.01576914,0.0002941315,0.003553421,0.000816337,0.0007532429,0.001138069,0.01076017,0.01243289,0.002605011,0.01234021,0.001261304,0.009483133,0.003489304,0.01922174,0.001472263,0.000282686,0.001425819,0.008026917,0.01697351,0.01552097,0.00158798,0.02780434,0.0005057958,0.002849563,0.002020627,0.01069802,0.003790958,0.003142893,0.005225298,0.02450901,0.0008333987,0.007752524,0.003233232,0.005939126,0.0001692158,0.01179521,0.001833151,0.001114334,-0.0002432866,0.002965379,0.002539096,0.01198352,0.009980902,0.0006613826,0.001942848,0.01744677,0.0007139352,0.01309145,0.01789877,0.006516007
15,0.00213371,0.0448475,0.004402016,0.000980985,0.01108463,0.0008520651,0.001499265,0.001831468,0.001485758,0.01881979,0.008838812,0.0141155,0.004394857,0.001491569,-0.0003740926,-7.66466E-05,0.000745803,0.008544266,5.679631E-06,0.04347448,0.0005329154,0.004996837,0.01017726,0.005076676,0.0214554,0.03562305,0.005289924,-0.000925909,0.02965008,0.002216601,0.01649499,0.001274728,0.02181501,0.01111527,0.0129845,0.0008510481,-0.001412769,0.001312327,0.002062707,-0.0004364658,-0.0009626008,0.0006870129,0.0004600792,0.01118148,0.00152306,0.00809811,0.0162842,0.0002948068,0.002902792,0.0007970149,0.002590615,0.001155084,0.01201558,0.01418931,0.0008950639,0.01381887,0.0005147781,0.009304528,0.001436741,0.01826471,0.001245262,0.001766996,0.001942407,0.01058488,0.01777968,0.01467895,0.001329005,0.02871236,0.0007663389,0.002124679,0.003307363,0.01020424,0.003665288,0.005227527,0.00657425,0.02399524,0.001137633,0.006687972,0.003386876,0.006858035,0.0008653295,0.01083722,0.002236198,0.0009544499,-0.000274049,0.002517616,0.001573002,0.01376586,0.009324006,0.001716971,0.002172371,0.01869629,0.0008028854,0.01328958,0.01599878,0.005413463
16,0.001594879,0.04886413,0.002393099,0.002192246,0.01221262,0.001613614,0.002231326,0.001699476,0.0009748072,0.01979328,0.007566071,0.0160911,0.003035251,0.003708168,-0.0008515312,-7.095215E-05,0.003540349,0.00970959,0.0009908002,0.03929634,-0.0006389685,0.006807457,0.009630235,0.008909905,0.0244578,0.03758917,0.007315455,0.001223259,0.03160989,-0.000429022,0.01627482,0.000872002,0.02065892,0.01179441,0.01423244,0.0006015801,1.530222E-05,3.99211E-05,0.001421284,0.001019346,0.0007803367,0.000546977,0.0006254709,0.01264811,0.0003321027,0.008179658,0.01744651,0.002221202,0.00254714,0.00212645,0.0003661477,0.0006536023,0.01288347,0.01337215,-0.000626736,0.01327988,0.001225971,0.009202884,0.003384287,0.0209208,-0.00111713,-0.0003342652,0.001091054,0.01003051,0.0185071,0.01650299,0.002153218,0.03017006,0.001260192,0.002789044,0.001825516,0.0106711,0.00389027,0.005598625,0.007747203,0.02567183,-0.0007000904,0.00843929,0.003538484,0.008014427,-0.0008276346,0.01332516,0.0008318964,0.0008003492,3.803768E-05,0.002604384,0.0009089843,0.01319969,0.01000257,0.0003157018,0.0009327789,0.01859756,0.002306635,0.0159666,0.01914728,0.005799053
17,0.00124086,0.05172282,0.004256532,0.003212295,0.01274491,0.0008176518,0.001304671,0.0008019049,0.001322386,0.02020857,0.01121634,0.01408795,0.004853104,0.001348903,-0.001347823,0.0004269343,0.004182028,0.0106688,-0.0007474489,0.04328918,0.001192757,0.008233225,0.007908777,0.007790299,0.02339144,0.03364861,0.0062932,0.00315486,0.03229291,0.0001273554,0.01536622,0.003068001,0.02175653,0.01311045,0.01448634,-2.545668E-05,-0.001605412,7.06299E-05,0.001546833,-0.001514775,-3.101102E-05,0.001095463,0.001040183,0.01141924,0.0001824082,0.009000725,0.01583257,0.001187625,0.004115308,0.001971659,0.002907102,0.0006306249,0.01187229,0.01661812,0.001479489,0.0145231,0.001894613,0.01118962,0.003035019,0.02177097,0.0001529336,0.001379259,-6.884046E-05,0.00966627,0.01914494,0.01604209,0.001541363,0.03250027,0.0007943273,-0.0006339842,0.002322699,0.01246796,0.00468344,0.005122221,0.004372914,0.02665859,0.001085342,0.008187462,0.002841919,0.007785408,0.001425927,0.01158103,0.001342818,1.224745E-05,0.0008333077,0.004616982,0.001760958,0.01462411,0.01116329,0.00097586,0.003638287,0.01803382,0.001249555,0.01571048,0.01716287,0.001808056
18,0.002874582,0.0442416,0.004937567,0.003296725,0.01054926,-0.0002223944,0.001095148,0.001999296,0.003059446,0.02308648,0.008403012,0.01646342,0.004026833,0.001979765,-0.0005455058,0.0004940165,0.005433891,0.0104113,-0.0001030819,0.04111453,0.000290803,0.008432308,0.01066421,0.005819465,0.02794685,0.03563614,0.005677796,0.001489281,0.03120189,0.0014274,0.0176118,0.001385657,0.02276002,0.01321363,0.01443434,0.001275135,0.0009346,-4.055677E-06,0.001548471,0.000447968,0.0005237835,0.002027469,0.0008874031,0.01233162,0.001843969,0.009689035,0.01819829,0.0001895544,0.002273957,0.001637373,0.00194138,0.001479761,0.0122984,0.01497591,0.001125222,0.01502027,0.001081329,0.01151568,0.001236565,0.02176563,0.002074207,0.002262639,-0.001006234,0.008658812,0.01942229,0.01631404,0.0002206797,0.03389595,0.001988827,5.082227E-05,0.001559064,0.01256183,0.004487178,0.004853327,0.006886502,0.02694228,0.0006684787,0.008462433,0.00162692,0.007704129,0.0009975507,0.01250727,0.00103534,-0.000612359,0.001966293,0.004012119,0.0007261332,0.01411369,0.01077099,-0.001202584,0.002031376,0.02053193,7.779989E-05,0.01401087,0.01728409,0.004135962
19,0.001262483,0.046369,0.00532719,0.002595861,0.01253075,0.001469319,-0.001214514,0.000906128,0.000725654,0.02161866,0.01112888,0.01567351,0.006107374,0.003688873,0.000348729,0.001961784,0.001178107,0.01002189,0.0006583089,0.04363912,0.002189828,0.008554297,0.007909206,0.007746825,0.02261631,0.03866952,0.006240674,-0.0002899707,0.03343549,0.00153431,0.01612001,0.001508674,0.02201649,0.01259562,0.01638401,0.001274823,0.0003129527,0.0002102024,0.001540138,-0.0009157485,-0.001500247,0.001263085,0.0002714982,0.01254287,0.001589244,0.009988556,0.01660916,0.00254053,0.005366764,0.002892301,0.002447804,0.0008821569,0.01201024,0.0155424,0.0001248385,0.01520624,0.002295792,0.01203035,0.001846564,0.02175751,0.001311929,0.001661581,0.001304476,0.01002669,0.02051243,0.01688197,0.001926325,0.03471607,0.0003843257,0.001634306,0.003270417,0.01291,0.005471446,0.005201239,0.006425446,0.02756681,0.002207414,0.009157882,0.00269046,0.006300105,0.001184702,0.01291389,0.0002186222,0.001966688,0.001852816,0.003687,0.001879386,0.0140123,0.008861128,0.003045985,0.002804407,0.0194377,0.001385886,0.01579244,0.01823107,0.005302444
20,0.001517656,0.04428036,0.003415702,0.002258181,0.0114472,0.0007179997,0.0001393011,0.001514877,0.0004358187,0.02207832,0.009935506,0.01535253,0.006171322,0.002295389,0.0007315354,0.001844733,0.001883759,0.01179952,0.000775373,0.04394579,-0.0003624286,0.00686235,0.009875845,0.005772786,0.02189422,0.03958272,0.006796758,0.0001211099,0.03141884,0.002181327,0.0191403,0.0006028778,0.02219987,0.009468028,0.01322274,0.0008222656,-0.001530781,-0.0003914832,0.001949831,-9.958231E-05,-0.000683305,0.001382757,-1.971027E-05,0.01110502,0.001468763,0.009876325,0.01572451,0.001115613,0.003680103,0.00244964,-0.000341455,0.0007188556,0.0143271,0.01546286,9.581864E-05,0.01580618,0.00184052,0.01201043,0.002705561,0.02340685,0.00131679,-0.0002474551,0.002286907,0.01133159,0.01947814,0.01816866,0.001038303,0.03674482,0.002306667,0.001356297,0.001141013,0.01244118,0.006140101,0.006512135,0.009090765,0.02972948,0.001445455,0.01115888,0.004176208,0.008738805,0.001033538,0.01239244,0.002146374,0.002983338,0.001466087,0.002955948,0.0007838266,0.01680196,0.01091627,0.001053373,0.002866474,0.02085769,-0.0002596191,0.01583782,0.02085216,0.001456862
21,0.0005626639,0.05959287,0.003932584,0.001850752,0.01385462,0.0004206091,0.0001540568,-0.002179986,0.002095079,0.02122455,0.01082727,0.01391477,0.00288932,0.0018466,0.0009226557,0.0002645367,0.002431945,0.009896559,0.001758005,0.04198926,0.0025556,0.005708251,0.009828323,0.006109306,0.02140653,0.03559256,0.006726334,-0.0008037654,0.03486418,-0.0005586442,0.0177962,0.002225611,0.02265523,0.01222748,0.01663284,0.0004353134,-0.001845314,-0.001273702,0.002103153,-0.001170433,-0.0001734776,0.0006500836,0.001029176,0.01212112,0.001529825,0.009248507,0.01701968,-0.0005276372,0.004731395,3.740547E-06,0.002568539,0.001133689,0.01443093,0.01712102,0.0002709902,0.01607483,0.001473284,0.01201751,0.002712529,0.02448621,0.0008099886,0.001352675,0.001430853,0.01232015,0.01876507,0.01890661,0.001557198,0.03559043,0.0005153774,0.0004263073,0.001873483,0.01382722,0.005344913,0.004649468,0.007083196,0.02904807,0.0001735777,0.009457947,0.004640998,0.01007495,0.002008358,0.01391224,0.00366553,0.000496683,0.0004877888,0.003111226,0.001575863,0.01621538,0.01093677,0.0006619333,0.003693357,0.02309217,0.001983782,0.01693805,0.01792177,0.002457156
22,-0.001060383,0.06126356,0.005735406,0.0009827298,0.01227237,0.002292404,-0.0007685788,-0.001289191,0.001474934,0.02306404,0.008430956,0.01581651,0.003503851,0.0008242466,-0.001006575,-0.002249735,0.002836199,0.01069229,0.0010168,0.04161146,-0.0003287656,0.004605723,0.01003764,0.007229349,0.01905498,0.03842387,0.006619944,0.0001047845,0.03061046,0.0006567111,0.01757519,0.00196767,0.02289399,0.01239043,0.01539017,0.0006583358,0.001351101,-0.002008567,0.001477397,0.0002539494,-0.002643759,0.000423233,0.001188775,0.01236035,0.001092862,0.009244013,0.01730602,0.0006568762,0.003885691,0.002035141,0.001473652,0.0009521455,0.01548071,0.01691027,0.001224274,0.01571866,-0.0001748637,0.01348098,0.0002031677,0.02675444,-0.0003644793,-0.0001015705,0.001978368,0.01252712,0.01937693,0.01998231,0.001068851,0.03733221,-0.0002324582,-0.001493283,0.001013813,0.01449642,0.005390784,0.005757629,0.00839626,0.0306527,-0.0004846286,0.0109988,0.004183766,0.009090928,0.001724553,0.01200683,0.001169226,-0.0007981946,-0.0007745991,0.003159191,0.00213297,0.01691988,0.01179186,0.001324257,0.003272001,0.02010088,0.0002193023,0.01649129,0.01981331,-0.0005338825
23,-0.0009982303,0.06085806,0.007512023,0.003071893,0.01373551,0.001031344,-0.0009665869,-0.0005194002,0.002550694,0.02197183,0.009882241,0.01540978,0.002145572,0.002970557,-0.001379516,0.001026411,-0.0002250477,0.0125122,0.0002655349,0.0406061,0.001125497,0.004670149,0.01080345,0.006098303,0.02333061,0.03502268,0.005985536,0.001006001,0.03455916,0.001376538,0.01737632,0.0008637196,0.02287001,0.01164351,0.01664256,0.002596823,-0.003248588,-0.002927236,0.002337873,-0.001813923,-0.0001964778,0.000604061,0.002708762,0.01139621,0.001336858,0.009046723,0.01618682,-9.490716E-05,0.005021159,0.0005933184,0.001055873,0.0003552431,0.01468295,0.01654921,0.0007905239,0.0145832,0.000736616,0.009875735,0.0006643191,0.02662413,0.000466204,9.537805E-05,0.001063163,0.01117952,0.02195373,0.01646608,0.001395963,0.03776814,0.0001576291,0.00211311,0.002809541,0.01281744,0.006008214,0.005672835,0.006570778,0.03072163,0.0003979642,0.009378062,0.001772921,0.008151666,-0.0006875128,0.01411474,0.0005128131,0.0009481389,0.0009573786,0.001373783,0.001949585,0.01634841,0.009003181,0.0009299392,0.003373025,0.02242896,0.001492269,0.01638727,0.01950407,0.003823211
24,0.0005916917,0.05161561,0.006779003,-0.000886798,0.01326215,0.0004787096,-0.001684958,-0.003937033,0.002346848,0.02405116,0.009591307,0.01358121,0.001317974,0.002465536,-0.0001034661,0.0009313646,-0.002169262,0.01108787,-0.002934407,0.04295262,-0.0003682543,0.003741161,0.009790592,0.007452447,0.02441809,0.03644481,0.005543163,-0.0004811249,0.03234217,0.0001016169,0.01669555,0.0005019502,0.02240757,0.01067483,0.01442988,0.0008084715,-0.001847538,-0.001397948,0.001076177,0.0008541453,-0.001091984,0.0006716471,0.001740627,0.01243886,0.0008519004,0.009182496,0.01711094,0.0007896805,0.00349225,0.0007885551,0.001105812,-0.0005384444,0.01538696,0.01706923,0.001283654,0.0161169,-0.001695043,0.01154567,-0.0008035316,0.0262094,0.0006141936,-0.00062817,0.000679003,0.01174541,0.01966777,0.0155692,0.001026521,0.03866115,-0.0005093322,0.0005783683,0.0004983532,0.01303454,0.004123805,0.004797359,0.006559719,0.03041301,0.000346809,0.009781118,0.003921644,0.006805282,-0.0009079735,0.01324505,0.001000834,0.0008991879,-0.001437376,0.003273766,-0.001156855,0.01716816,0.01060858,0.0003656381,0.00324229,0.02110953,0.0002646101,0.0164622,0.01867584,0.00189445
25,-0.0005494739,0.05121455,0.004424086,-0.0005389902,0.01381563,0.001609334,-0.001638562,-0.001418415,0.0003549668,0.02369418,0.01057501,0.01718513,0.00139917,0.0003354152,-0.0003860578,-0.001420348,-0.0002875212,0.01021043,-0.003631143,0.04128822,0.0004364213,0.004133543,0.0118748,0.007527694,0.02520049,0.03525611,0.007979345,0.001547037,0.03222616,-0.000805555,0.01820049,-0.0001581515,0.02283786,0.01160379,0.01598731,0.001603785,0.001226041,-0.0008189544,0.001974396,0.001898357,0.002343543,-0.001271972,0.0009116495,0.01196392,0.001847108,0.009169282,0.01760711,0.00239953,0.002778229,-0.0004356245,0.001816009,8.336681E-05,0.01414488,0.01711003,0.000568416,0.01471176,0.001689499,0.0124872,-0.0008839249,0.02749868,0.0001152703,-0.0005864567,0.0003593766,0.009501954,0.02037348,0.01777117,0.001608321,0.04115589,-0.0004412944,-0.001639366,0.0006648972,0.01231093,0.003902192,0.003734281,0.007746297,0.02940663,0.001336835,0.01059458,0.00155463,0.007344904,-0.0002051421,0.01216637,0.0007825479,-0.0007605245,0.001250132,0.004058799,-0.001432854,0.01541209,0.009672355,0.0005316977,0.004046194,0.01935935,0.001512491,0.01704813,0.01834242,0.001985434
26,0.002120567,0.05351198,0.006928531,-0.001237439,0.01527768,-0.0009658901,-0.001561145,-0.001006882,-0.0005060844,0.0240771,0.008335851,0.01671283,0.001159303,0.001700103,-0.0002334213,-0.0005716936,0.002093687,0.01369539,-0.0008816232,0.03905133,0.0006792916,0.00227573,0.01147614,0.004522199,0.0233853,0.03667916,0.007309454,-0.0005414525,0.035359,-1.217286E-05,0.01759682,-0.002072278,0.02234475,0.0128682,0.01593987,0.0008427619,0.001131035,0.001892892,0.001402762,0.008493285,0.006984613,0.0002564612,0.0003443147,0.01070589,-0.002239492,0.008517453,0.01784913,0.001672677,0.00518006,-0.001615277,0.0007082871,-0.0006833275,0.01516819,0.01896621,0.0002323911,0.01603873,-0.0003672726,0.01119504,-0.003152514,0.02852371,0.0006182084,-8.99525E-05,0.001230903,0.01135356,0.01972618,0.01874806,-0.002579128,0.04060911,0.00109173,0.0005545244,0.001594006,0.01395598,0.004001816,0.004659379,0.005390742,0.03373268,0.001232705,0.01107447,0.004455117,0.007605914,-0.0001088931,0.01241318,0.002390293,0.001886349,0.00111841,0.003831514,-0.0008249625,0.01629465,0.009860637,0.0001345045,0.00345757,0.02343502,0.001924681,0.01565468,0.02070066,0.001632623
27,0.0008000715,0.06309654,0.007068591,0.0008805948,0.0145965,0.001571915,-0.001233443,-0.00384369,-0.0003693846,0.02147019,0.009537347,0.01472145,0.0009711777,0.0006875898,0.001748896,-0.001313421,-0.0005947981,0.01351136,-0.001102225,0.0416676,-0.003054365,0.00125533,0.008741752,0.00266668,0.02098867,0.03570747,0.004781076,0.0006751128,0.03305189,0.0006838885,0.01965914,-0.0007895473,0.02200532,0.01285715,0.01585544,-0.001345485,0.006254622,0.00613699,-0.0004756446,0.01481273,0.01658263,0.001436861,0.001359148,0.01293592,0.0004654181,0.009938954,0.01647118,0.0004336086,0.00298289,-0.003094119,0.0002511972,-0.0003702289,0.01648791,0.01715232,-0.0009466458,0.01624935,-0.0008262009,0.01213785,-0.001314864,0.02890791,-0.0001018351,0.001748488,-0.0006058899,0.01070386,0.02131734,0.01953352,0.001032069,0.04136963,9.684182E-06,-0.0002217981,0.0007669096,0.01372405,0.006885493,0.006796231,0.007164609,0.03478371,6.973847E-05,0.01014923,0.002064581,0.009229189,0.0007474517,0.01656572,-0.0003874491,0.001600311,0.000176062,0.002148731,-0.002322763,0.01485252,0.008979176,-0.0009541503,0.004725199,0.02169323,-0.0001343693,0.0144712,0.01904025,0.002978511
28,-0.0009845018,0.06323596,0.007399685,0.001063654,0.0151316,-0.0009110362,-0.0007803861,3.825374E-05,0.000130382,0.02141357,0.009316064,0.01482217,-0.003049799,0.001511046,0.000793044,0.0007165619,0.002554065,0.01388178,-0.0005009422,0.0411252,-0.0006432778,0.001327555,0.009024639,0.00171238,0.02160347,0.03491233,0.006707275,0.002270586,0.03455352,-5.314717E-05,0.01683882,-0.0006233737,0.02205991,0.01151358,0.01550472,0.0007039796,0.01726153,0.0150192,-0.0008179699,0.03307362,0.03672837,-0.001132611,0.0008650189,0.01202799,-0.001745935,0.008777302,0.01744542,0.000879262,0.002871295,-0.002797434,0.000330819,-0.0001399212,0.01468353,0.01803078,-0.0006679073,0.01455108,-0.001380498,0.01214517,-0.004147992,0.02821024,0.0006780501,-0.00051104,-0.0008717329,0.01010728,0.01983684,0.01976254,-0.0004949725,0.04221642,-0.0007102283,0.001079058,0.0009708149,0.01452423,0.004940655,0.0037643,0.007593871,0.03146111,-0.001212427,0.01038915,0.003941698,0.009512288,0.0003176015,0.01176104,0.000934037,0.0003527591,-0.0008712492,0.003204336,-0.003160661,0.01624373,0.009064951,0.0001072177,0.002980408,0.02120591,0.0003179564,0.01648301,0.01913261,0.002427408
29,8.933046E-05,0.06164843,0.008184072,-0.0002998241,0.01238979,0.000492689,0.003073989,0.0009269062,0.0005148135,0.0220644,0.008324807,0.01669717,-0.002563958,0.003845733,-0.0004424828,0.0002782181,-0.002183944,0.0108143,-0.0006339156,0.04461966,7.946923E-05,0.0002937754,0.008114446,0.0006786822,0.02431674,0.03473921,0.007551792,0.001466717,0.03560815,0.0004014687,0.01802178,-0.002200405,0.02262273,0.01282424,0.01409309,-0.0003955234,0.03407373,0.03311874,0.00208563,0.07378923,0.07966088,0.001289699,0.000278847,0.01364159,-0.000920444,0.009643839,0.01630323,-0.0003235434,0.004821037,-0.002356974,-0.001047265,0.0004222537,0.01551912,0.01973691,0.0005865715,0.0177808,-1.782525E-05,0.01216027,-0.00415382,0.02847624,0.001044313,-4.727939E-05,0.0003406091,0.01188822,0.02085753,0.01831424,0.002030735,0.04489859,-0.0007173273,0.0005275859,-0.003137143,0.01253632,0.00420255,0.00597098,0.007498079,0.0334379,-0.00112671,0.009898086,0.002463964,0.00871526,0.0007313082,0.01392844,0.00267316,-0.0001356712,-0.0009265217,0.003448222,-0.001993548,0.01703464,0.01092179,-0.0008337761,0.002727255,0.01934951,0.0002685802,0.01489269,0.01869687,0.001230439
30,0.001094716,0.06231947,0.007038975,-0.003838796,0.01173235,0.0007846593,0.0118805,0.007711381,-5.755873E-05,0.02228324,0.006675355,0.01432798,-1.641774E-05,-0.00293476,-0.001711791,0.002247585,-0.0006749465,0.01100321,0.001429349,0.04088321,-0.002665171,-0.001098738,0.009284829,0.002319032,0.0241444,0.0386174,0.006429429,3.459395E-05,0.03320448,0.001509859,0.0181127,-0.002564355,0.0216008,0.01351544,0.01474047,-0.001675783,0.07240777,0.0698356,0.0001822978,0.1429704,0.1581275,0.0002384507,1.374875E-05,0.0124511,-0.001947938,0.007808043,0.01619766,0.001932242,0.003453093,-0.005211886,-0.000535225,-0.001122531,0.01566849,0.02005352,-0.001276496,0.01505066,-0.0008890455,0.01008784,-0.007779104,0.02911087,0.0001382163,-0.0005452455,-0.001097558,0.0111585,0.01754601,0.01922796,-0.0002826148,0.04399968,-0.0007115422,-0.000466527,-0.003871626,0.01259329,0.004703387,0.006043644,0.007192402,0.03420414,-0.00208732,0.01176549,0.003466182,0.009243159,-0.0008491107,0.01193577,-0.001534672,-0.001639238,-0.0005505215,0.002959693,-0.004397403,0.01588124,0.009714819,-0.001829509,0.003533647,0.02152197,4.719202E-05,0.0161068,0.01830082,0.001066476
31,-0.0004886127,0.06294668,0.00731004,-0.003993661,0.01125304,-0.001908885,0.02873454,0.02098387,-0.0006196941,0.02114921,0.008941317,0.01432323,-0.00203407,-0.00274813,-0.0006761281,-0.0007074629,-0.002539182,0.0122548,0.004100016,0.0416446,-0.0007851436,-0.0004081023,0.01097512,0.0001857609,0.02273432,0.03605574,0.007107657,-0.0007350513,0.03380837,-9.564802E-05,0.02041418,-0.001040316,0.0218305,0.01169315,0.01520381,-0.0007464577,0.1456938,0.1438718,0.0004175164,0.2734993,0.3004877,-0.001427331,-0.0008616013,0.01016437,-0.001131469,0.009419408,0.0152097,0.001257517,0.003153253,-0.004751019,-0.001909298,-0.001999358,0.0164418,0.01797101,-0.001518437,0.01654687,-0.0003428959,0.01271578,-0.006819611,0.02704548,-0.001790491,0.0005043059,-0.001137534,0.008142919,0.01974205,0.01805508,0.0008085592,0.0439625,-0.001183825,-0.001337995,-0.00645587,0.0121049,0.007029218,0.004172901,0.005486073,0.03487781,-0.0004608017,0.009825638,0.002289076,0.008584348,-2.852664E-05,0.01314381,-0.0008110147,-0.002269605,0.0002191004,0.002601786,-0.004878818,0.01666359,0.01153877,-0.001727541,0.003516106,0.0182361,-5.378776E-05,0.01426573,0.01822758,0.0002736453
32,0.001164298,0.0579833,0.005602148,-0.003277845,0.01211185,0.0001065272,0.06450833,0.04747959,-0.00168753,0.02209735,0.009612558,0.01383003,-0.001396985,-0.0006130658,-0.0007206367,0.003909344,-0.002350196,0.01252405,0.0151328,0.04062776,-0.003773314,-0.002407287,0.009024175,-0.001478325,0.0201271,0.03752095,0.006900503,-0.001441138,0.03458922,-0.0002479957,0.01811969,-0.002431615,0.02141375,0.01175424,0.01449486,-0.001707769,0.2829216,0.2737689,-0.0001968457,0.4806138,0.5251758,-0.002335135,7.206749E-05,0.01117564,-0.002203414,0.006760625,0.0164154,-4.215593E-06,0.002536832,-0.004115036,-0.0008830095,-0.001923337,0.01583842,0.01969415,0.0004572761,0.01500153,-0.001426865,0.01104257,-0.008745811,0.03042037,-0.0003694082,-0.002658064,-0.0002915397,0.01040567,0.01895452,0.01799799,-0.001711149,0.04473572,-0.001364113,-0.000455809,-0.005674682,0.01309156,0.004001782,0.006184471,0.006556398,0.03544525,6.56741E-05,0.01004225,0.001332607,0.009490449,-0.002573963,0.01558785,0.0009612538,-0.0003124458,-0.0008367604,0.002113257,-0.004820789,0.01818391,0.01019317,0.001538596,0.003302726,0.01939925,-0.0001683852,0.01780284,0.02112513,-0.002519101
33,-0.004087862,0.06731751,0.006385849,-0.004529475,0.01343816,0.0006968995,0.134898,0.1035581,-0.0007148208,0.02268892,0.008504684,0.01360617,-0.0003844418,-0.0008228695,-0.00159011,0.003941508,-0.004577342,0.01355913,0.03445268,0.04194401,-0.0009275558,-0.002461229,0.01223963,-0.002646262,0.02344746,0.03988963,0.005021962,-0.0008833833,0.03243109,-0.002811872,0.02024302,-0.002556456,0.02276701,0.01195611,0.01431207,-0.003031296,0.5043544,0.4910956,5.973703E-05,0.7567391,0.8220105,-0.00230981,-0.002294851,0.01208722,-0.0008797488,0.008207417,0.01744559,-0.001550009,0.002674785,-0.00571627,-0.001909704,-0.0006629016,0.01450644,0.01868074,-0.001273065,0.01881571,-0.002328894,0.01034208,-0.009907317,0.03182029,-0.00169342,-0.001548958,-0.0004646103,0.01407101,0.0198651,0.01787622,-0.0005440287,0.04453237,-0.002783231,-0.001741724,-0.006150468,0.01353175,0.005013718,0.002375396,0.00565287,0.03381469,-0.0008794804,0.01099773,0.003063552,0.009031692,-0.001889002,0.01290435,5.956256E-05,-0.001852808,0.0003949389,0.002567069,-0.004783711,0.01725652,0.009453494,-0.001422043,0.002756405,0.02058201,-0.002386547,0.01767147,0.01812467,-0.002929512
34,-0.002026998,0.05417814,0.006483071,-0.007020982,0.01089435,-0.001017349,0.2573791,0.2058123,1.015634E-05,0.02279816,0.009813269,0.01330026,-0.003366608,-0.0004633258,-0.00163899,0.01486239,-0.003818769,0.01187685,0.06851443,0.0422409,-2.690144E-05,0.0008512369,0.01028368,-0.0002691819,0.02472141,0.03590044,0.004271609,-0.001624916,0.0310383,-0.001075708,0.01709834,-0.0005132551,0.02213405,0.01080801,0.01510363,-0.002651224,0.822548,0.7960226,-0.0004905326,1.055017,1.13056,-0.0004416329,-0.002082324,0.01205413,-0.001253961,0.008490331,0.01783148,-0.0002272427,0.004408479,-0.002434132,-0.001712952,-0.001642738,0.01610977,0.01783329,-0.001116103,0.01502503,-0.002458414,0.01302184,-0.007635419,0.02968965,-0.0009607569,-0.001357923,-0.003147029,0.008796399,0.01834215,0.01770589,2.0894E-05,0.04459409,-0.0009932667,-0.0003774234,-0.007868597,0.01180286,0.003940018,0.006063633,0.005978133,0.03223019,-0.00131913,0.009737906,0.001511935,0.007160332,-0.002153412,0.01300469,-0.001027745,-0.0005385869,-0.002670095,0.003440737,-0.005198271,0.01692584,0.009567042,-0.001636994,0.003091473,0.01816246,-0.002471042,0.01519476,0.01921214,-0.001579846
35,-0.002934056,0.06078844,0.006498855,-0.00666466,0.01524908,-0.002106515,0.4493591,0.3863818,-0.0004885106,0.0221366,0.009390201,0.0126028,-0.002148426,-0.003405997,-0.002679266,0.0339107,-0.003324641,0.01126004,0.1414757,0.04274478,-0.002359596,-0.002441066,0.01086116,-0.002005504,0.02420983,0.0360324,0.006052412,-0.001171055,0.03223658,-0.002261462,0.01922458,-0.003266018,0.02229192,0.01086604,0.01634689,-0.002855981,1.182989,1.136803,-0.001698818,1.315655,1.390637,-0.002002422,-0.00168712,0.01198005,-0.002208356,0.007796233,0.01609333,-0.0006896771,0.004948576,-0.005730756,0.0006306465,-0.002022731,0.01541648,0.01940326,-0.002902596,0.01609075,-0.001510147,0.01329979,-0.009024901,0.03098973,-0.0002910689,-0.001199687,-0.001964931,0.009766091,0.02013167,0.0165883,0.0007031876,0.04572851,-0.002922661,-0.001197389,-0.008211358,0.01288617,0.005307263,0.005663006,0.006928085,0.03382301,-0.002183345,0.007720951,0.0009540154,0.008593983,-0.0009356407,0.01337988,-0.00306483,-0.0009507501,-0.00180176,0.002285105,-0.006200844,0.01560626,0.007397445,-0.0008363586,0.001954351,0.01849464,-9.648155E-05,0.01424507,0.0169409,-0.001702262
36,-0.001531668,0.0690384,0.007042241,-0.004203961,0.01452501,-0.0004966631,0.7124678,0.6553153,-0.0008732073,0.0236401,0.00895488,0.01120037,-0.001577677,-0.002356207,-0.002892644,0.06507391,-0.00679189,0.01164833,0.2688148,0.04023854,-0.002891418,-0.00197171,0.008822066,-0.0002012709,0.02351708,0.0369824,0.005418713,-0.0006890825,0.03484483,-0.002134817,0.0182534,-0.001943845,0.02164396,0.0129102,0.01645293,-0.001234368,1.506582,1.443,-4.502033E-05,1.508687,1.576385,-0.003481027,-0.002790808,0.01230355,-0.001353602,0.007178159,0.0187549,-0.0007229983,0.00413037,-0.002587296,0.001031974,-0.001718771,0.01537974,0.02064891,-0.001325235,0.01721101,-0.000401393,0.01251396,-0.009831646,0.02895751,-0.0002761688,-0.002348923,-0.001651326,0.01246508,0.02015896,0.01895414,-0.001673834,0.04645329,-0.003903781,-0.003475775,-0.009615518,0.01177706,0.006444758,0.004954424,0.006355493,0.03433166,-0.001519273,0.01220082,0.002479059,0.00831476,-0.002584577,0.0112695,-0.0002547971,-0.003544664,-0.001288298,0.002524325,-0.006631379,0.01720769,0.01046422,-0.001287562,0.003773742,0.02086092,0.001129182,0.01666708,0.01824711,-0.001591449
37,-0.001327128,0.06980541,0.00887882,-0.00549307,0.01423338,0.0007202798,0.9720021,0.9730737,-0.0009760496,0.02346804,0.008865418,0.0116141,0.0005174577,-0.002959634,-0.002379771,0.1251015,-0.00341372,0.01309955,0.4774013,0.04285828,-0.004121039,-0.0025125,0.009311411,-0.003601362,0.02293883,0.03663864,0.008149068,0.0009357254,0.03523401,-0.000344928,0.01916054,-0.002578085,0.02478083,0.01397804,0.01662352,-0.00304803,1.74549,1.661745,-0.0003246775,1.646147,1.702667,-0.00220774,-0.003043171,0.01216393,-5.351194E-05,0.007581957,0.0149948,-0.0003717799,0.00340129,-0.006281736,-0.00128716,-0.002406935,0.0144553,0.02243497,-0.0006491907,0.01697626,-0.004169903,0.01280863,-0.009219386,0.03120206,-0.0008051286,-0.002450718,-0.002114122,0.01079572,0.02078955,0.01973344,-0.001391215,0.04656638,-0.00131677,-0.003895642,-0.007569218,0.01275207,0.006632137,0.006226867,0.007830373,0.03476947,-0.002083279,0.01295107,0.003026715,0.008566971,-0.0005145384,0.01545932,0.0005652839,-0.002833619,-0.002060548,0.003370003,-0.007759867,0.01712816,0.01138758,-0.0005351873,0.002424396,0.02102096,0.0005802538,0.01767049,0.0195213,-0.00461648
38,0.0006502783,0.0611505,0.005813723,-0.008543888,0.0120056,-0.0002252665,1.178673,1.264392,-0.00168696,0.02114659,0.009749277,0.01329956,-0.0004574039,-0.0007964539,-0.005271065,0.2109061,-0.006146873,0.01106339,0.7691097,0.04241673,-0.004250444,-0.00191815,0.008758156,-0.003827605,0.02458523,0.03635423,0.007112795,-0.001337328,0.03388784,-0.00370799,0.02260565,-0.005003738,0.02236523,0.0109823,0.01658849,-0.003704872,1.904406,1.807272,-0.002077036,1.741003,1.794078,-0.005899564,-0.003157643,0.01340058,-0.003050762,0.006907372,0.01727383,-0.001690929,0.003940674,-0.005215709,-0.0004927248,-0.003247307,0.01597842,0.02131458,-0.003198632,0.01702487,-0.005090875,0.0126601,-0.01219095,0.03056611,-0.0008764494,-0.002226352,-0.001667383,0.01030792,0.02047236,0.02101093,0.0005407336,0.04831893,-0.003796399,-0.006922822,-0.01070551,0.01184902,0.005061798,0.004556027,0.007466802,0.03639248,-0.00078266,0.009381535,0.002837058,0.007409521,-0.002824938,0.01483006,-0.000493096,-0.004951895,-0.001532169,0.001542603,-0.005564944,0.01782576,0.01206125,-0.002069634,0.00441418,0.02127423,-0.001502448,0.01602649,0.0172299,-0.0009175271
39,-0.001342434,0.05779303,0.0070375,-0.01207349,0.01356006,-0.001908262,1.319445,1.478387,-6.523314E-05,0.02354337,0.008984141,0.01164683,-0.003247198,-0.003605574,-0.00530616,0.3252381,-0.008698135,0.01095426,1.091913,0.04395573,-0.006030006,-0.004618026,0.01011777,-0.003242918,0.02530553,0.03392752,0.005961387,-0.0005656741,0.03267431,-0.004332577,0.01901853,-0.008978993,0.02302483,0.01136831,0.01410911,-0.004954346,2.01262,1.905075,-0.0002644318,1.808824,1.855389,-0.007345995,-0.006256543,0.01329912,-0.004358411,0.007293051,0.01693917,0.0001425446,0.002691804,-0.004214592,-0.0002101312,-0.004023377,0.01505255,0.02089173,-0.004458999,0.01641246,-0.005051303,0.01170125,-0.01248528,0.03032574,-0.001664163,-0.004372065,5.122089E-05,0.01016929,0.0198965,0.01905462,-0.003586112,0.04774957,-0.004805614,-0.007422651,-0.0111938,0.01117846,0.004499688,0.005722677,0.006340772,0.03482955,-0.00135844,0.01051995,0.0022162,0.00544023,-0.003373968,0.0127903,-0.002852596,-0.005401411,-0.005079066,0.002252993,-0.007781425,0.01827843,0.009641837,-0.0006647486,0.002632295,0.02226296,-0.001993322,0.01647067,0.01864109,-0.003415669
40,-0.002920696,0.06618223,0.007702697,-0.01462947,0.0109088,6.547751E-05,1.416494,1.622233,0.0002236628,0.02160088,0.008843401,0.01302811,-0.00205953,-0.002143885,-0.004080446,0.4654417,-0.009146363,0.0106569,1.388943,0.04108994,-0.005357482,-0.004871922,0.008992308,-0.00486194,0.02339248,0.03644999,0.006372516,-0.0001093683,0.03295184,-0.005090032,0.02081236,-0.009705903,0.02361041,0.01319787,0.01789786,-0.008372027,2.088215,1.977404,-0.002540924,1.862196,1.905787,-0.006408814,-0.004943873,0.01237379,-0.005512119,0.006979122,0.01690291,-0.0006454936,0.003794474,-0.005699104,4.598785E-05,-0.005847552,0.0168901,0.01979144,-0.003854637,0.01501671,-0.006466481,0.0110834,-0.01267576,0.02909072,-0.002406103,-0.003776514,-0.003324633,0.01204314,0.01988787,0.0181629,-0.002112139,0.04932495,-0.006433606,-0.00776076,-0.01266575,0.01152757,0.003866331,0.006697311,0.007413439,0.03682656,-0.003743122,0.01068824,0.0009644685,0.007208321,-0.003967467,0.01326029,-0.0003529206,-0.00493647,-0.003585366,0.001358605,-0.007965432,0.0173709,0.009377035,-0.002131392,0.003773724,0.02087789,-0.0007167708,0.0162926,0.02015574,-0.003751484
41,-0.004737107,0.05912987,0.005709218,-0.01568888,0.01054988,-6.82055E-05,1.48858,1.723792,-0.0004319401,0.02127536,0.009749444,0.01053763,-0.003539866,-0.003780568,-0.007586076,0.6034353,-0.01041116,0.01050041,1.607401,0.0441078,-0.00841078,-0.003723562,0.00908281,-0.006358511,0.02212291,0.03594153,0.007179039,-0.001833613,0.03275619,-0.006285659,0.01985586,-0.008236844,0.0256877,0.01134435,0.01392412,-0.007189302,2.145443,2.027585,-0.001835693,1.907577,1.944799,-0.009171127,-0.006690898,0.0127313,-0.006546257,0.007506743,0.01676526,-0.002239609,0.002862897,-0.00588373,-0.001263903,-0.005525201,0.0142877,0.02087705,-0.004956568,0.01503261,-0.006268165,0.01151799,-0.01232413,0.03017847,-0.002584269,-0.002491809,-0.002162228,0.01025027,0.01976186,0.01879471,-0.003831727,0.04970269,-0.009646282,-0.008980397,-0.01149244,0.01279895,0.00601781,0.004172178,0.008024515,0.03553102,-0.003381474,0.0119659,0.002242442,0.007974108,-0.004899205,0.01202635,0.0001646588,-0.007064454,-0.003669936,0.001644475,-0.007817127,0.01718571,0.0100924,-0.002897034,0.004653163,0.02287683,-0.001263545,0.01715637,0.01850849,-0.002806899
42,-0.005459973,0.06792092,0.005138792,-0.01549966,0.01423843,0.0008302423,1.538742,1.802148,0.0005927017,0.02218471,0.01046572,0.009654941,-0.004256017,-0.001371363,-0.005960611,0.7385613,-0.007104562,0.01350679,1.759141,0.04512234,-0.009096093,-0.003426464,0.01004227,-0.004820311,0.02394177,0.03871825,0.006904166,-0.0007954896,0.03244429,-0.006804869,0.01988622,-0.008445226,0.02358869,0.01199897,0.01603993,-0.008506243,2.189351,2.070233,-0.002180865,1.944479,1.975376,-0.009425951,-0.008046851,0.01242249,-0.008654504,0.009328555,0.01827275,-0.001954807,0.003769487,-0.007033231,-0.0008914538,-0.007370931,0.01517176,0.02115225,-0.005815633,0.01449828,-0.006886566,0.01155929,-0.01415035,0.03001243,-0.002323457,-0.004781804,-0.006169162,0.01232341,0.02010934,0.01822504,-0.0008219481,0.04965343,-0.01021599,-0.008848713,-0.0118641,0.01247177,0.004175571,0.004930884,0.00527935,0.03598758,-0.006546087,0.009299888,0.00148018,0.008053618,-0.005072559,0.01303824,-0.0004555283,-0.007543346,-0.005299165,0.001841709,-0.008570652,0.01721659,0.01026348,-0.004073637,0.00367796,0.0206638,8.6122E-05,0.01559783,0.01818254,-0.002765013
43,-0.00925188,0.05840192,0.006805771,-0.01978894,0.01152338,-0.0003720349,1.577806,1.858364,-0.001268074,0.02387293,0.008560438,0.01102815,-0.004693551,-0.00143493,-0.006132158,0.8521778,-0.01119831,0.0109321,1.859779,0.04059336,-0.009083479,-0.004155852,0.01010657,-0.005404769,0.02148813,0.0378338,0.004768214,-0.00167144,0.03308927,-0.009078805,0.01886696,-0.01101061,0.02048209,0.01056474,0.01496698,-0.008374477,2.23176,2.103452,-0.002016848,1.972629,2.001699,-0.01110006,-0.007905845,0.01202911,-0.009313392,0.005725183,0.0181991,-0.0001869882,0.003853964,-0.006620953,8.029225E-05,-0.006739701,0.01321871,0.02007644,-0.007145466,0.01603925,-0.006657602,0.01195697,-0.01490267,0.03011355,-0.004203396,-0.00654067,-0.007281176,0.01011277,0.02178087,0.01890708,-0.002135694,0.04817972,-0.01115774,-0.01125523,-0.01388645,0.01249728,0.00510654,0.004378083,0.005711488,0.03464016,-0.006668485,0.01019766,0.0008064883,0.007150803,-0.007213771,0.01286747,-0.003626727,-0.007785713,-0.004526352,0.001035957,-0.009125729,0.01769659,0.01043937,-0.006629027,0.003351457,0.0211796,-0.002367089,0.0155215,0.01879582,-0.004792908
44,-0.009066767,0.05717172,0.003798485,-0.02416306,0.008930121,-0.002489612,1.609087,1.908193,-0.00313434,0.02396552,0.009090768,0.01034038,-0.004364223,0.0006580287,-0.00641758,0.947944,-0.01346302,0.007657933,1.92796,0.04147594,-0.0105561,-0.006655844,0.01058539,-0.007056163,0.0202432,0.03592799,0.006458424,-0.003250168,0.03580648,-0.009107252,0.01931185,-0.01311972,0.02120491,0.01288132,0.01265301,-0.009561375,2.257554,2.132624,-0.001565812,1.995112,2.025886,-0.01268909,-0.00935869,0.01004665,-0.01083297,0.006394024,0.01776664,-0.002666513,0.004160904,-0.006997038,-0.003470271,-0.006689786,0.01448627,0.02030465,-0.006895446,0.01635912,-0.00620231,0.01213735,-0.0157987,0.02982399,-0.004823291,-0.006542629,-0.006347399,0.0114501,0.02079952,0.018804,-0.002085447,0.05013466,-0.01147933,-0.01194724,-0.01488476,0.01125277,0.004985651,0.00554763,0.007848271,0.03370814,-0.008509632,0.01141835,0.001462912,0.008164835,-0.005115866,0.01179793,-0.002902424,-0.009631643,-0.005112084,0.001918955,-0.01088253,0.01683042,0.01132892,-0.005112861,0.002480203,0.0221266,-0.001730498,0.01559214,0.01780228,-0.003825623
45,-0.01178977,0.06932976,0.00530592,-0.02036955,0.01320596,-0.0007353963,1.633104,1.945722,-0.0006526979,0.02309215,0.0093265,0.01095468,-0.004970171,0.004270685,-0.009327116,1.025266,-0.01449294,0.01209923,1.978134,0.041172,-0.01068073,-0.008157864,0.008993709,-0.007017792,0.02325193,0.03685405,0.005407834,-0.002951436,0.03478894,-0.008349269,0.02037907,-0.01388475,0.02088598,0.01163277,0.01401202,-0.0105994,2.282937,2.152732,-0.003642105,2.016154,2.040414,-0.01287376,-0.01020937,0.01221692,-0.01303882,0.006498693,0.0147615,-0.002876594,0.00470314,-0.01012972,-0.002654888,-0.008169388,0.01564236,0.02040634,-0.008691088,0.01468301,-0.008285888,0.01283249,-0.01484025,0.02980233,-0.004917136,-0.006814304,-0.006228907,0.01182796,0.01970021,0.0192049,-0.002859832,0.04938889,-0.01123569,-0.0128199,-0.01535605,0.01153355,0.004842952,0.004147784,0.004434075,0.0349567,-0.008944179,0.01035819,0.001800791,0.007924031,-0.005293787,0.01073354,-0.0032828,-0.009050831,-0.006278683,0.001640353,-0.01162499,0.01559382,0.01089872,-0.005744798,0.00338457,0.02195633,-0.003400987,0.01603477,0.02028627,-0.005824169
